model,fold,accuracy,precision,recall,fmeasure
vfl_cen,0,0.7073170731707317,0.7307692307692307,0.7916666666666666,0.76
vfl_cen,1,0.7368421052631579,0.8636363636363636,0.7307692307692307,0.7916666666666666
vfl_cen,2,0.782608695652174,0.7894736842105263,0.9375,0.8571428571428572
vfl_cen,3,0.8378378378378378,0.8928571428571429,0.8928571428571429,0.8928571428571429
vfl_cen,4,0.75,0.8,0.8571428571428571,0.8275862068965518
